{
  "飛田給1丁目": 0.9795594544020056,
  "飛田給2丁目": 0.9766126765258497,
  "飛田給3丁目": 0.9880284430158195,
  "上石原1丁目": 0.9616254481725721,
  "上石原2丁目": 0.9889020313709616,
  "上石原3丁目": 0.9590813177680368,
  "富士見町1丁目": 0.96751531726455,
  "富士見町2丁目": 0.9737623390466297,
  "富士見町3丁目": 0.985021736435325,
  "富士見町4丁目": 0.9681058387066769,
  "下石原1丁目": 0.9803607556064237,
  "下石原2丁目": 0.9795048522004609,
  "下石原3丁目": 0.9950167730483558,
  "小島町1丁目": 0.9733357986036257,
  "小島町2丁目": 0.9698471897064682,
  "小島町3丁目": 0.9851477113740523,
  "布田1丁目": 0.9704134328475519,
  "布田2丁目": 0.9704851518102653,
  "布田3丁目": 0.9760620848079957,
  "布田4丁目": 0.9576719756697242,
  "布田5丁目": 0.9825784142453716,
  "布田6丁目": 0.9764481044981593,
  "国領町1丁目": 0.9811804421505471,
  "国領町2丁目": 0.9744476922263067,
  "国領町3丁目": 0.8960745056021354,
  "国領町4丁目": 0.9763184331803895,
  "国領町5丁目": 0.9855953836750698,
  "国領町6丁目": 0.9863399716548306,
  "国領町7丁目": 0.9880077917947968,
  "国領町8丁目": 0.950746556812815,
  "染地1丁目": 0.9705089275307122,
  "染地2丁目": 0.9873596246528131,
  "染地3丁目": 0.9260280620002196,
  "多摩川1丁目": 0.9243438415794065,
  "多摩川2丁目": 0.9684946416620571,
  "多摩川3丁目": 0.9828569143113178,
  "多摩川4丁目": 0.9724275845894312,
  "多摩川5丁目": 0.9856710619626613,
  "多摩川6丁目": 0.9888538398103219,
  "多摩川7丁目": 0.948860816222755,
  "佐須町1丁目": 0.9569172316983169,
  "佐須町2丁目": 0.9758764486525743,
  "佐須町3丁目": 0.9837201257699631,
  "佐須町4丁目": 0.9729071365119796,
  "佐須町5丁目": 0.947493095729099,
  "柴崎1丁目": 0.9898659052530008,
  "柴崎2丁目": 0.9875835366025957,
  "菊野台1丁目": 0.9543359315354019,
  "菊野台2丁目": 0.9775448414987077,
  "菊野台3丁目": 0.9764299306083908,
  "東つつじケ丘1丁目": 0.9372522773530482,
  "東つつじケ丘2丁目": 0.9885418450538979,
  "東つつじケ丘3丁目": 0.992796610804042,
  "西つつじケ丘1丁目": 0.992499321398156,
  "西つつじケ丘2丁目": 0.9891849371086577,
  "西つつじケ丘3丁目": 0.9238146677085206,
  "西つつじケ丘4丁目": 0.9653441361359262,
  "入間町1丁目": 0.9923706307382427,
  "入間町2丁目": 0.9657064652621178,
  "入間町3丁目": 0.9801652528531677,
  "仙川町1丁目": 0.9629487430603426,
  "仙川町2丁目": 0.9112206751496502,
  "仙川町3丁目": 0.9183017838428293,
  "緑ケ丘1丁目": 0.985859582924039,
  "緑ケ丘2丁目": 0.97097292936696,
  "野水1丁目": 0.8622866676693715,
  "西町": 0.49720950776891937,
  "若葉町1丁目": 0.9910507715950831,
  "若葉町2丁目": 0.9788194039586401,
  "若葉町3丁目": 0.9574471300881872,
  "調布ケ丘1丁目": 0.9922513294972125,
  "調布ケ丘2丁目": 0.9734730500779557,
  "調布ケ丘3丁目": 0.9831215858659982,
  "調布ケ丘4丁目": 0.9826867539866622,
  "深大寺元町1丁目": 0.9420954339534633,
  "深大寺元町2丁目": 0.9590820979776291,
  "深大寺元町3丁目": 0.9606690452065153,
  "深大寺元町4丁目": 0.9778436640089541,
  "深大寺元町5丁目": 0.9342428201474453,
  "深大寺北町1丁目": 0.9825704181293805,
  "深大寺北町2丁目": 0.9802542452425015,
  "深大寺北町3丁目": 0.963150409503122,
  "深大寺北町4丁目": 0.9744280461004947,
  "深大寺北町5丁目": 0.9852446251436293,
  "深大寺北町6丁目": 0.9775878944785915,
  "深大寺北町7丁目": 0.9612433414409164,
  "深大寺東町1丁目": 0.9725527970938413,
  "深大寺東町2丁目": 0.9628649912222425,
  "深大寺東町3丁目": 0.9662293109694632,
  "深大寺東町4丁目": 0.9781864831776113,
  "深大寺東町5丁目": 0.981154644020818,
  "深大寺東町6丁目": 0.9620011489627043,
  "深大寺東町7丁目": 0.9729461436595115,
  "深大寺東町8丁目": 0.9567547201865897,
  "深大寺南町1丁目": 0.9590960893098259,
  "深大寺南町2丁目": 0.9298178610539698,
  "深大寺南町3丁目": 0.8844756756744488,
  "深大寺南町4丁目": 0.9590044663521528,
  "深大寺南町5丁目": 0.9844803997282741,
  "八雲台1丁目": 0.9835849605112843,
  "八雲台2丁目": 0.9721205121332168
}
