{
  "飛田給1丁目": 0.9779467297522488,
  "飛田給2丁目": 0.9751682641853946,
  "飛田給3丁目": 0.9873730638488467,
  "上石原1丁目": 0.9626697256552454,
  "上石原2丁目": 0.9875494363882005,
  "上石原3丁目": 0.9588638036172625,
  "富士見町1丁目": 0.9585430994557312,
  "富士見町2丁目": 0.9748750490111977,
  "富士見町3丁目": 0.983661461303326,
  "富士見町4丁目": 0.9704244144853116,
  "下石原1丁目": 0.9775994465342243,
  "下石原2丁目": 0.9770060568301968,
  "下石原3丁目": 0.9954483713222433,
  "小島町1丁目": 0.9709118901805528,
  "小島町2丁目": 0.967337542407283,
  "小島町3丁目": 0.9889900821999814,
  "布田1丁目": 0.9741075323624463,
  "布田2丁目": 0.9614117064838574,
  "布田3丁目": 0.9758360734357442,
  "布田4丁目": 0.9586710379239541,
  "布田5丁目": 0.9837537486242022,
  "布田6丁目": 0.9768519681683034,
  "国領町1丁目": 0.980858685394378,
  "国領町2丁目": 0.9770571082263945,
  "国領町3丁目": 0.8891688475583893,
  "国領町4丁目": 0.9721721762413195,
  "国領町5丁目": 0.9892283029309012,
  "国領町6丁目": 0.9878576008421412,
  "国領町7丁目": 0.9924357885215151,
  "国領町8丁目": 0.9464341719436314,
  "染地1丁目": 0.9618932821436386,
  "染地2丁目": 0.9879118921367963,
  "染地3丁目": 0.9244497194999112,
  "多摩川1丁目": 0.930963581628287,
  "多摩川2丁目": 0.96726319721635,
  "多摩川3丁目": 0.9831707694589099,
  "多摩川4丁目": 0.9718095455222868,
  "多摩川5丁目": 0.986072548531723,
  "多摩川6丁目": 0.9860063249946417,
  "多摩川7丁目": 0.9416067380724851,
  "佐須町1丁目": 0.9517981953724765,
  "佐須町2丁目": 0.9792081115954241,
  "佐須町3丁目": 0.9817821627779257,
  "佐須町4丁目": 0.9703861981094554,
  "佐須町5丁目": 0.9537245029896947,
  "柴崎1丁目": 0.9919939313311846,
  "柴崎2丁目": 0.9879350106474868,
  "菊野台1丁目": 0.9606665963495705,
  "菊野台2丁目": 0.9783087001672974,
  "菊野台3丁目": 0.9774937197578011,
  "東つつじケ丘1丁目": 0.9387353831960303,
  "東つつじケ丘2丁目": 0.9877686827710404,
  "東つつじケ丘3丁目": 0.992801917605005,
  "西つつじケ丘1丁目": 0.9930884190581983,
  "西つつじケ丘2丁目": 0.9874856969820649,
  "西つつじケ丘3丁目": 0.9245633373950177,
  "西つつじケ丘4丁目": 0.9683999934249118,
  "入間町1丁目": 0.9896207764710443,
  "入間町2丁目": 0.9639442410866683,
  "入間町3丁目": 0.9847142182491662,
  "仙川町1丁目": 0.9610796417210463,
  "仙川町2丁目": 0.9177746445217361,
  "仙川町3丁目": 0.9311853109297586,
  "緑ケ丘1丁目": 0.988297137813358,
  "緑ケ丘2丁目": 0.9754069121925215,
  "野水1丁目": 0.8564226872273152,
  "西町": 0.49948005644266896,
  "若葉町1丁目": 0.9933620344938221,
  "若葉町2丁目": 0.9794221114901338,
  "若葉町3丁目": 0.9650314324729672,
  "調布ケ丘1丁目": 0.9889466015574038,
  "調布ケ丘2丁目": 0.9697445370425349,
  "調布ケ丘3丁目": 0.9830252513476675,
  "調布ケ丘4丁目": 0.98188828176679,
  "深大寺元町1丁目": 0.9441922019470853,
  "深大寺元町2丁目": 0.9666070978461617,
  "深大寺元町3丁目": 0.9581594977172219,
  "深大寺元町4丁目": 0.9754184019985737,
  "深大寺元町5丁目": 0.9447687240070496,
  "深大寺北町1丁目": 0.9841525484118523,
  "深大寺北町2丁目": 0.9779082226923702,
  "深大寺北町3丁目": 0.961154222075958,
  "深大寺北町4丁目": 0.9787419420591708,
  "深大寺北町5丁目": 0.988317224219878,
  "深大寺北町6丁目": 0.9761420428064193,
  "深大寺北町7丁目": 0.9640065728373812,
  "深大寺東町1丁目": 0.9784236044086888,
  "深大寺東町2丁目": 0.9621695670206895,
  "深大寺東町3丁目": 0.9627149838201382,
  "深大寺東町4丁目": 0.9794828691769908,
  "深大寺東町5丁目": 0.9820063733251124,
  "深大寺東町6丁目": 0.9629472159654809,
  "深大寺東町7丁目": 0.9702420720437024,
  "深大寺東町8丁目": 0.9575756728320738,
  "深大寺南町1丁目": 0.9618852218003169,
  "深大寺南町2丁目": 0.9423548988470926,
  "深大寺南町3丁目": 0.874549563971808,
  "深大寺南町4丁目": 0.9610892864690739,
  "深大寺南町5丁目": 0.985085768882052,
  "八雲台1丁目": 0.9827204585489763,
  "八雲台2丁目": 0.9693476450507983
}
