{
  "飛田給1丁目": 0.9779687776049236,
  "飛田給2丁目": 0.9722137262435234,
  "飛田給3丁目": 0.9845767331082149,
  "上石原1丁目": 0.9658343453216832,
  "上石原2丁目": 0.9893968201906896,
  "上石原3丁目": 0.9599485990913982,
  "富士見町1丁目": 0.9676059863039567,
  "富士見町2丁目": 0.9737406376891744,
  "富士見町3丁目": 0.9814842157116432,
  "富士見町4丁目": 0.970669950790614,
  "下石原1丁目": 0.9714646118122828,
  "下石原2丁目": 0.9763233814821071,
  "下石原3丁目": 0.9930142884611488,
  "小島町1丁目": 0.970910646798786,
  "小島町2丁目": 0.9669640951094588,
  "小島町3丁目": 0.9885659545062501,
  "布田1丁目": 0.9737749386168995,
  "布田2丁目": 0.9664001183696984,
  "布田3丁目": 0.9767456815611574,
  "布田4丁目": 0.9644383010211455,
  "布田5丁目": 0.9832768258290069,
  "布田6丁目": 0.9715978717717282,
  "国領町1丁目": 0.9803989718438739,
  "国領町2丁目": 0.9812859799249424,
  "国領町3丁目": 0.8813499556843337,
  "国領町4丁目": 0.9750257938213766,
  "国領町5丁目": 0.9885924454589949,
  "国領町6丁目": 0.9841682507679246,
  "国領町7丁目": 0.9915609146883598,
  "国領町8丁目": 0.9431548048117049,
  "染地1丁目": 0.961016045046145,
  "染地2丁目": 0.9884938174402371,
  "染地3丁目": 0.9197303163080629,
  "多摩川1丁目": 0.9283927152703714,
  "多摩川2丁目": 0.9571745262684896,
  "多摩川3丁目": 0.9827466582438246,
  "多摩川4丁目": 0.9743150448827441,
  "多摩川5丁目": 0.9884412129740936,
  "多摩川6丁目": 0.9836279326385733,
  "多摩川7丁目": 0.9457759000012822,
  "佐須町1丁目": 0.9607562141777792,
  "佐須町2丁目": 0.9811846962158685,
  "佐須町3丁目": 0.9819257657223357,
  "佐須町4丁目": 0.9744787761015683,
  "佐須町5丁目": 0.9475679003630849,
  "柴崎1丁目": 0.990044563551334,
  "柴崎2丁目": 0.9862317838156667,
  "菊野台1丁目": 0.9616996603044354,
  "菊野台2丁目": 0.9810683567241995,
  "菊野台3丁目": 0.9777896604023467,
  "東つつじケ丘1丁目": 0.9348810302978113,
  "東つつじケ丘2丁目": 0.9873828894128177,
  "東つつじケ丘3丁目": 0.9897859358335752,
  "西つつじケ丘1丁目": 0.9932126356473457,
  "西つつじケ丘2丁目": 0.9863839402751534,
  "西つつじケ丘3丁目": 0.9229874275152808,
  "西つつじケ丘4丁目": 0.9732647421467744,
  "入間町1丁目": 0.9917859363094638,
  "入間町2丁目": 0.964939105228194,
  "入間町3丁目": 0.9801100959711967,
  "仙川町1丁目": 0.9566869919017065,
  "仙川町2丁目": 0.9206838267319633,
  "仙川町3丁目": 0.9332264507109056,
  "緑ケ丘1丁目": 0.9888138810029943,
  "緑ケ丘2丁目": 0.9776544315919914,
  "野水1丁目": 0.8305735220958594,
  "西町": 0.5113890791753587,
  "若葉町1丁目": 0.9947600650227139,
  "若葉町2丁目": 0.9801738368604025,
  "若葉町3丁目": 0.962945504325479,
  "調布ケ丘1丁目": 0.9892218129238333,
  "調布ケ丘2丁目": 0.9770238021004215,
  "調布ケ丘3丁目": 0.9843503573705288,
  "調布ケ丘4丁目": 0.981431896963571,
  "深大寺元町1丁目": 0.9418991823085852,
  "深大寺元町2丁目": 0.972905797986806,
  "深大寺元町3丁目": 0.9466719928158037,
  "深大寺元町4丁目": 0.9727164509485036,
  "深大寺元町5丁目": 0.9500164852564739,
  "深大寺北町1丁目": 0.9811646074445277,
  "深大寺北町2丁目": 0.9843847658756933,
  "深大寺北町3丁目": 0.9741036189843175,
  "深大寺北町4丁目": 0.9795576471354394,
  "深大寺北町5丁目": 0.9818003523211755,
  "深大寺北町6丁目": 0.973620474748177,
  "深大寺北町7丁目": 0.9599622879371597,
  "深大寺東町1丁目": 0.9767762380192667,
  "深大寺東町2丁目": 0.9689868056178402,
  "深大寺東町3丁目": 0.9646587820485149,
  "深大寺東町4丁目": 0.9833759763892105,
  "深大寺東町5丁目": 0.985812461912846,
  "深大寺東町6丁目": 0.9593231364252153,
  "深大寺東町7丁目": 0.9663055508802262,
  "深大寺東町8丁目": 0.9564027664962973,
  "深大寺南町1丁目": 0.9736848512339418,
  "深大寺南町2丁目": 0.9551117356431713,
  "深大寺南町3丁目": 0.8693662742198854,
  "深大寺南町4丁目": 0.9591720930950539,
  "深大寺南町5丁目": 0.9830745781815752,
  "八雲台1丁目": 0.9858866178994391,
  "八雲台2丁目": 0.9713908576658763
}
