{
  "飛田給1丁目": 0.976226767094421,
  "飛田給2丁目": 0.9713431421239916,
  "飛田給3丁目": 0.9850033856439727,
  "上石原1丁目": 0.9680154053198821,
  "上石原2丁目": 0.9895452229767009,
  "上石原3丁目": 0.9604152843222609,
  "富士見町1丁目": 0.9688245399937113,
  "富士見町2丁目": 0.9714429038383259,
  "富士見町3丁目": 0.9805526953047733,
  "富士見町4丁目": 0.9682647060733472,
  "下石原1丁目": 0.9679073660796865,
  "下石原2丁目": 0.9762504576455365,
  "下石原3丁目": 0.9927793670971681,
  "小島町1丁目": 0.9710502669198472,
  "小島町2丁目": 0.9678238143207423,
  "小島町3丁目": 0.9869735322328698,
  "布田1丁目": 0.9741072006293755,
  "布田2丁目": 0.972437429671888,
  "布田3丁目": 0.9710892305972881,
  "布田4丁目": 0.9682088612668923,
  "布田5丁目": 0.9868027230162173,
  "布田6丁目": 0.9723743334970797,
  "国領町1丁目": 0.977551499975834,
  "国領町2丁目": 0.9776277310855958,
  "国領町3丁目": 0.8788504988237716,
  "国領町4丁目": 0.9782412902270912,
  "国領町5丁目": 0.9913014113171664,
  "国領町6丁目": 0.981282300566806,
  "国領町7丁目": 0.9919633016656297,
  "国領町8丁目": 0.943203869724875,
  "染地1丁目": 0.9649257239062293,
  "染地2丁目": 0.987724563129265,
  "染地3丁目": 0.9217215955511646,
  "多摩川1丁目": 0.9312025960014702,
  "多摩川2丁目": 0.9594381388140025,
  "多摩川3丁目": 0.9810395993741166,
  "多摩川4丁目": 0.9722388637769797,
  "多摩川5丁目": 0.9863234581586019,
  "多摩川6丁目": 0.9933245038593858,
  "多摩川7丁目": 0.9406059168664279,
  "佐須町1丁目": 0.9657871263452495,
  "佐須町2丁目": 0.9786064080538074,
  "佐須町3丁目": 0.9774286635135715,
  "佐須町4丁目": 0.9678913461534263,
  "佐須町5丁目": 0.9544091206661628,
  "柴崎1丁目": 0.9901495740609859,
  "柴崎2丁目": 0.9826775892042879,
  "菊野台1丁目": 0.9650567048066552,
  "菊野台2丁目": 0.9797678088831728,
  "菊野台3丁目": 0.9742966718223383,
  "東つつじケ丘1丁目": 0.9376091634746462,
  "東つつじケ丘2丁目": 0.9878639576036823,
  "東つつじケ丘3丁目": 0.9885065034594045,
  "西つつじケ丘1丁目": 0.9931073533826135,
  "西つつじケ丘2丁目": 0.9866961040157344,
  "西つつじケ丘3丁目": 0.9227445333029312,
  "西つつじケ丘4丁目": 0.9776950749362394,
  "入間町1丁目": 0.9916093532335875,
  "入間町2丁目": 0.9676049300023417,
  "入間町3丁目": 0.9805596046132471,
  "仙川町1丁目": 0.9590079663048259,
  "仙川町2丁目": 0.9229487167553301,
  "仙川町3丁目": 0.9341846164142354,
  "緑ケ丘1丁目": 0.9898186508597464,
  "緑ケ丘2丁目": 0.9788314507439245,
  "野水1丁目": 0.8390694119152069,
  "西町": 0.49867109552813493,
  "若葉町1丁目": 0.9942578926998594,
  "若葉町2丁目": 0.9805796186791547,
  "若葉町3丁目": 0.9667399899597034,
  "調布ケ丘1丁目": 0.9900601839111961,
  "調布ケ丘2丁目": 0.9713765312419379,
  "調布ケ丘3丁目": 0.9847046193691081,
  "調布ケ丘4丁目": 0.9845804455347312,
  "深大寺元町1丁目": 0.9340798126922416,
  "深大寺元町2丁目": 0.968058505926853,
  "深大寺元町3丁目": 0.9534731492313475,
  "深大寺元町4丁目": 0.9703670565433848,
  "深大寺元町5丁目": 0.9474372042622632,
  "深大寺北町1丁目": 0.9843105869237628,
  "深大寺北町2丁目": 0.9793155848814646,
  "深大寺北町3丁目": 0.9718478809240979,
  "深大寺北町4丁目": 0.9818096785713611,
  "深大寺北町5丁目": 0.9847851170660993,
  "深大寺北町6丁目": 0.9752794843307374,
  "深大寺北町7丁目": 0.964279539203748,
  "深大寺東町1丁目": 0.9826020719450177,
  "深大寺東町2丁目": 0.968464447708646,
  "深大寺東町3丁目": 0.9756326514094359,
  "深大寺東町4丁目": 0.9805021991811216,
  "深大寺東町5丁目": 0.9847250927038392,
  "深大寺東町6丁目": 0.9600478152920455,
  "深大寺東町7丁目": 0.9644825058242951,
  "深大寺東町8丁目": 0.9631369497356947,
  "深大寺南町1丁目": 0.9687718423847482,
  "深大寺南町2丁目": 0.9468630975562776,
  "深大寺南町3丁目": 0.8715452556945998,
  "深大寺南町4丁目": 0.9572990254577496,
  "深大寺南町5丁目": 0.9811040390861543,
  "八雲台1丁目": 0.9873605101342966,
  "八雲台2丁目": 0.9736185610274385
}
