{
  "飛田給1丁目": 0.9731799127889381,
  "飛田給2丁目": 0.9742711162203056,
  "飛田給3丁目": 0.9864941804044457,
  "上石原1丁目": 0.9682446948883987,
  "上石原2丁目": 0.9926530285274218,
  "上石原3丁目": 0.962501701964769,
  "富士見町1丁目": 0.965256514142965,
  "富士見町2丁目": 0.9709629758072987,
  "富士見町3丁目": 0.976265672339431,
  "富士見町4丁目": 0.9720717354583006,
  "下石原1丁目": 0.9753539005573865,
  "下石原2丁目": 0.9809021255960536,
  "下石原3丁目": 0.9913464897111895,
  "小島町1丁目": 0.9743640752498929,
  "小島町2丁目": 0.9720320695250435,
  "小島町3丁目": 0.9867206048347635,
  "布田1丁目": 0.9733239231024642,
  "布田2丁目": 0.9638773139580884,
  "布田3丁目": 0.976607379405708,
  "布田4丁目": 0.969118577681714,
  "布田5丁目": 0.9877017222248191,
  "布田6丁目": 0.9763094549316241,
  "国領町1丁目": 0.9766929561686004,
  "国領町2丁目": 0.9732081592441642,
  "国領町3丁目": 0.875387791047664,
  "国領町4丁目": 0.9774038280698335,
  "国領町5丁目": 0.9913588779784904,
  "国領町6丁目": 0.9839108154725601,
  "国領町7丁目": 0.9928648821299326,
  "国領町8丁目": 0.9377196801513453,
  "染地1丁目": 0.9661284105139941,
  "染地2丁目": 0.9846481270407761,
  "染地3丁目": 0.919965393290696,
  "多摩川1丁目": 0.9382709998527743,
  "多摩川2丁目": 0.9552298888544781,
  "多摩川3丁目": 0.9801044056822805,
  "多摩川4丁目": 0.9746712210938312,
  "多摩川5丁目": 0.9836632800447401,
  "多摩川6丁目": 0.9922078236778221,
  "多摩川7丁目": 0.9424644952843132,
  "佐須町1丁目": 0.9723619377929527,
  "佐須町2丁目": 0.9778066581753112,
  "佐須町3丁目": 0.9744746966863337,
  "佐須町4丁目": 0.9668605457372833,
  "佐須町5丁目": 0.9641538790249012,
  "柴崎1丁目": 0.9893065669892215,
  "柴崎2丁目": 0.9818279799950695,
  "菊野台1丁目": 0.9657386570041026,
  "菊野台2丁目": 0.9759653448328774,
  "菊野台3丁目": 0.9747928999484815,
  "東つつじケ丘1丁目": 0.9327076828119879,
  "東つつじケ丘2丁目": 0.983694652935264,
  "東つつじケ丘3丁目": 0.9869622422256454,
  "西つつじケ丘1丁目": 0.9941659906561215,
  "西つつじケ丘2丁目": 0.9904359097647062,
  "西つつじケ丘3丁目": 0.915353994705164,
  "西つつじケ丘4丁目": 0.9769598301550162,
  "入間町1丁目": 0.9913229515158236,
  "入間町2丁目": 0.9633837276017756,
  "入間町3丁目": 0.9755423191312899,
  "仙川町1丁目": 0.9629935222083118,
  "仙川町2丁目": 0.9306120963273945,
  "仙川町3丁目": 0.9361123022381564,
  "緑ケ丘1丁目": 0.9895592223967414,
  "緑ケ丘2丁目": 0.9787746789008066,
  "野水1丁目": 0.8927290193236771,
  "西町": 0.5182381433582672,
  "若葉町1丁目": 0.9942118156969846,
  "若葉町2丁目": 0.978527503533362,
  "若葉町3丁目": 0.9679722880869897,
  "調布ケ丘1丁目": 0.9710568851536809,
  "調布ケ丘2丁目": 0.9678241660835079,
  "調布ケ丘3丁目": 0.9858601101524941,
  "調布ケ丘4丁目": 0.98717694966604,
  "深大寺元町1丁目": 0.9328133679146724,
  "深大寺元町2丁目": 0.9667799490029567,
  "深大寺元町3丁目": 0.952550183735536,
  "深大寺元町4丁目": 0.9726890706025912,
  "深大寺元町5丁目": 0.9428642652829704,
  "深大寺北町1丁目": 0.9790444129467581,
  "深大寺北町2丁目": 0.9806204951801835,
  "深大寺北町3丁目": 0.9641871274195931,
  "深大寺北町4丁目": 0.9772984069593895,
  "深大寺北町5丁目": 0.9873287084521922,
  "深大寺北町6丁目": 0.9743471659266564,
  "深大寺北町7丁目": 0.9599386333286992,
  "深大寺東町1丁目": 0.98369362327395,
  "深大寺東町2丁目": 0.9691036175082698,
  "深大寺東町3丁目": 0.983083440254121,
  "深大寺東町4丁目": 0.9798616812657209,
  "深大寺東町5丁目": 0.9835157073203772,
  "深大寺東町6丁目": 0.9581746560510321,
  "深大寺東町7丁目": 0.9672841443113614,
  "深大寺東町8丁目": 0.9583130398075332,
  "深大寺南町1丁目": 0.9656527058436873,
  "深大寺南町2丁目": 0.9497124983454784,
  "深大寺南町3丁目": 0.8790939409191125,
  "深大寺南町4丁目": 0.9629120252622391,
  "深大寺南町5丁目": 0.9812073717591465,
  "八雲台1丁目": 0.9915316943606266,
  "八雲台2丁目": 0.9675638024674107
}
