{
  "市内全域": 0.19286794520547945,
  "飛田給1丁目": 0.3006207117431209,
  "飛田給2丁目": 0.28364383642881075,
  "飛田給3丁目": 0.2622982971242827,
  "上石原1丁目": 0.3416003722453842,
  "上石原2丁目": 0.2680502285638288,
  "上石原3丁目": 0.3513239605954579,
  "富士見町1丁目": 0.32938735062663943,
  "富士見町2丁目": 0.34553901316664454,
  "富士見町3丁目": 0.26179079733052335,
  "富士見町4丁目": 0.34500229493275986,
  "下石原1丁目": 0.30504232791019376,
  "下石原2丁目": 0.3025280414404353,
  "下石原3丁目": 0.23596182943949406,
  "小島町1丁目": 0.2981010879106265,
  "小島町2丁目": 0.39683768347084586,
  "小島町3丁目": 0.3168598248371884,
  "布田1丁目": 0.29507059832898597,
  "布田2丁目": 0.35894366921590054,
  "布田3丁目": 0.31710353190385,
  "布田4丁目": 0.35401769080234835,
  "布田5丁目": 0.3167892746782161,
  "布田6丁目": 0.29944498966863087,
  "国領町1丁目": 0.32103110301028104,
  "国領町2丁目": 0.30553967744112287,
  "国領町3丁目": 0.5168122027944341,
  "国領町4丁目": 0.2823113738313307,
  "国領町5丁目": 0.25577552810175036,
  "国領町6丁目": 0.2782326922510396,
  "国領町7丁目": 0.2851156891163815,
  "国領町8丁目": 0.35691781943950424,
  "染地1丁目": 0.30047617155186634,
  "染地2丁目": 0.25346189784719614,
  "染地3丁目": 0.44916935617943465,
  "多摩川1丁目": 0.4945787378790211,
  "多摩川2丁目": 0.30540910782274217,
  "多摩川3丁目": 0.31364534736979766,
  "多摩川4丁目": 0.2884161643835617,
  "多摩川5丁目": 0.27470032199518835,
  "多摩川6丁目": 0.26831482685271846,
  "多摩川7丁目": 0.4177949661988659,
  "佐須町1丁目": 0.331728992747784,
  "佐須町2丁目": 0.32180992778677414,
  "佐須町3丁目": 0.2543915907184792,
  "佐須町4丁目": 0.3272800576784427,
  "佐須町5丁目": 0.3875857534246576,
  "柴崎1丁目": 0.2622743882000062,
  "柴崎2丁目": 0.24712311047502217,
  "菊野台1丁目": 0.3257289041671705,
  "菊野台2丁目": 0.2727972502330919,
  "菊野台3丁目": 0.29963353525842595,
  "東つつじケ丘1丁目": 0.40138288251972815,
  "東つつじケ丘2丁目": 0.331207927105525,
  "東つつじケ丘3丁目": 0.2538428437662563,
  "西つつじケ丘1丁目": 0.24519522903086383,
  "西つつじケ丘2丁目": 0.25910967290382586,
  "西つつじケ丘3丁目": 0.37572223876064914,
  "西つつじケ丘4丁目": 0.33104644029995794,
  "入間町1丁目": 0.28438926571939077,
  "入間町2丁目": 0.3943532532623515,
  "入間町3丁目": 0.26143190082225587,
  "仙川町1丁目": 0.3720855720625121,
  "仙川町2丁目": 0.6430542401222294,
  "仙川町3丁目": 0.38795916742579195,
  "緑ケ丘1丁目": 0.2918163013698631,
  "緑ケ丘2丁目": 0.29252412892165913,
  "野水1丁目": 0.47252115677321155,
  "野水2丁目": 1,
  "西町": 0.8931120347477447,
  "若葉町1丁目": 0.322332917700356,
  "若葉町2丁目": 0.34441064043200587,
  "若葉町3丁目": 0.3156315516544859,
  "調布ケ丘1丁目": 0.24617558798679962,
  "調布ケ丘2丁目": 0.3706431068787921,
  "調布ケ丘3丁目": 0.2583725157434266,
  "調布ケ丘4丁目": 0.31057119136571193,
  "深大寺元町1丁目": 0.44036752380152,
  "深大寺元町2丁目": 0.31901392627182024,
  "深大寺元町3丁目": 0.29403459688103945,
  "深大寺元町4丁目": 0.27055220870453744,
  "深大寺元町5丁目": 0.43149363467897245,
  "深大寺北町1丁目": 0.2734956739956257,
  "深大寺北町2丁目": 0.2954557319689718,
  "深大寺北町3丁目": 0.3509392826305104,
  "深大寺北町4丁目": 0.26702975635260906,
  "深大寺北町5丁目": 0.28075773467643783,
  "深大寺北町6丁目": 0.3176383663263737,
  "深大寺北町7丁目": 0.3682685945497977,
  "深大寺東町1丁目": 0.2977254968538777,
  "深大寺東町2丁目": 0.3675420556859716,
  "深大寺東町3丁目": 0.3145035616438356,
  "深大寺東町4丁目": 0.2898618039494752,
  "深大寺東町5丁目": 0.2759263127489168,
  "深大寺東町6丁目": 0.4112095964457609,
  "深大寺東町7丁目": 0.30627945205479457,
  "深大寺東町8丁目": 0.40843859596534876,
  "深大寺南町1丁目": 0.4230957393871922,
  "深大寺南町2丁目": 0.4040722753090544,
  "深大寺南町3丁目": 0.42472119846659073,
  "深大寺南町4丁目": 0.3996188590787619,
  "深大寺南町5丁目": 0.2617821191732416,
  "八雲台1丁目": 0.3309671720455073
}
