{
  "市内全域": 0.19204476446603624,
  "飛田給1丁目": 0.27720047026482497,
  "飛田給2丁目": 0.30523700853885805,
  "飛田給3丁目": 0.2514329888806476,
  "上石原1丁目": 0.34958641039418004,
  "上石原2丁目": 0.26052778304984614,
  "上石原3丁目": 0.3708943970482061,
  "富士見町1丁目": 0.36670739192768215,
  "富士見町2丁目": 0.35302944159368344,
  "富士見町3丁目": 0.2630060202888168,
  "富士見町4丁目": 0.34983439190375576,
  "下石原1丁目": 0.3223846668082451,
  "下石原2丁目": 0.3221616303206197,
  "下石原3丁目": 0.22398334941817355,
  "小島町1丁目": 0.29897431735472313,
  "小島町2丁目": 0.4289140126961437,
  "小島町3丁目": 0.3127737837296304,
  "布田1丁目": 0.31135998409879084,
  "布田2丁目": 0.36764900328376227,
  "布田3丁目": 0.28915368644144596,
  "布田4丁目": 0.3590906720428712,
  "布田5丁目": 0.3043275609867211,
  "布田6丁目": 0.2802938007074812,
  "国領町1丁目": 0.2958174714880712,
  "国領町2丁目": 0.2710654762272703,
  "国領町3丁目": 0.5540392282851272,
  "国領町4丁目": 0.29913786482135213,
  "国領町5丁目": 0.2465454324725177,
  "国領町6丁目": 0.2753085575970376,
  "国領町7丁目": 0.24880342376217324,
  "国領町8丁目": 0.3465422070436384,
  "染地1丁目": 0.31106441146934344,
  "染地2丁目": 0.24677503930702824,
  "染地3丁目": 0.4677629928300101,
  "多摩川1丁目": 0.5057383819874561,
  "多摩川2丁目": 0.29507631325768613,
  "多摩川3丁目": 0.36589989132794987,
  "多摩川4丁目": 0.29370023025608705,
  "多摩川5丁目": 0.27596416785452804,
  "多摩川6丁目": 0.26596853893197187,
  "多摩川7丁目": 0.46742107950243345,
  "佐須町1丁目": 0.3323436024882756,
  "佐須町2丁目": 0.34821215887750406,
  "佐須町3丁目": 0.3333025724886174,
  "佐須町4丁目": 0.3101445888315903,
  "佐須町5丁目": 0.3252907666059396,
  "柴崎1丁目": 0.24847411187909413,
  "柴崎2丁目": 0.24391037825593137,
  "菊野台1丁目": 0.33839761399170754,
  "菊野台2丁目": 0.26914655293838896,
  "菊野台3丁目": 0.3187234568713734,
  "東つつじケ丘1丁目": 0.34709021087529224,
  "東つつじケ丘2丁目": 0.32524567145299815,
  "東つつじケ丘3丁目": 0.23391426657889391,
  "西つつじケ丘1丁目": 0.23940451638137797,
  "西つつじケ丘2丁目": 0.26912942692559766,
  "西つつじケ丘3丁目": 0.37618221633596377,
  "西つつじケ丘4丁目": 0.32546516917381946,
  "入間町1丁目": 0.2543751448930833,
  "入間町2丁目": 0.3903219359793726,
  "入間町3丁目": 0.2385459117810013,
  "仙川町1丁目": 0.3312451065408375,
  "仙川町2丁目": 0.6336012968324258,
  "仙川町3丁目": 0.34890525850841486,
  "緑ケ丘1丁目": 0.2726851397987194,
  "緑ケ丘2丁目": 0.2684897023607268,
  "野水1丁目": 0.5807215908543225,
  "野水2丁目": 1,
  "西町": 0.919845796824846,
  "若葉町1丁目": 0.2917304987710462,
  "若葉町2丁目": 0.32771078446634466,
  "若葉町3丁目": 0.31135645381033983,
  "調布ケ丘1丁目": 0.257873105222374,
  "調布ケ丘2丁目": 0.4058946138697186,
  "調布ケ丘3丁目": 0.25906617453132175,
  "調布ケ丘4丁目": 0.30694466821169347,
  "深大寺元町1丁目": 0.38986190307637825,
  "深大寺元町2丁目": 0.32811328551273217,
  "深大寺元町3丁目": 0.28454097362181263,
  "深大寺元町4丁目": 0.2956534801222911,
  "深大寺元町5丁目": 0.37323886554897406,
  "深大寺北町1丁目": 0.27386810796609384,
  "深大寺北町2丁目": 0.2793336978883301,
  "深大寺北町3丁目": 0.3255389430338835,
  "深大寺北町4丁目": 0.26092366182080584,
  "深大寺北町5丁目": 0.27263648682068964,
  "深大寺北町6丁目": 0.30441024004770484,
  "深大寺北町7丁目": 0.33168834088456184,
  "深大寺東町1丁目": 0.27869585647145556,
  "深大寺東町2丁目": 0.36127123201000355,
  "深大寺東町3丁目": 0.3401134293398108,
  "深大寺東町4丁目": 0.259551277015479,
  "深大寺東町5丁目": 0.26468705997615255,
  "深大寺東町6丁目": 0.42239908812293764,
  "深大寺東町7丁目": 0.32412453070172975,
  "深大寺東町8丁目": 0.40654073436670807,
  "深大寺南町1丁目": 0.435255468789138,
  "深大寺南町2丁目": 0.4466388918928875,
  "深大寺南町3丁目": 0.4473889902119728,
  "深大寺南町4丁目": 0.37535849237238705,
  "深大寺南町5丁目": 0.2530031928375079,
  "八雲台1丁目": 0.35301799027496605
}
