{
  "市内全域": 0.19129311458467899,
  "飛田給1丁目": 0.275355858225642,
  "飛田給2丁目": 0.29250018702002306,
  "飛田給3丁目": 0.24490067609502014,
  "上石原1丁目": 0.3274965026935056,
  "上石原2丁目": 0.2589981901346892,
  "上石原3丁目": 0.38672246865935955,
  "富士見町1丁目": 0.3493639579137438,
  "富士見町2丁目": 0.330153559191339,
  "富士見町3丁目": 0.26761141525096055,
  "富士見町4丁目": 0.38137287591169516,
  "下石原1丁目": 0.30106246866247105,
  "下石原2丁目": 0.3037877182690569,
  "下石原3丁目": 0.2358597908263822,
  "小島町1丁目": 0.2977241507220613,
  "小島町2丁目": 0.4303973035975676,
  "小島町3丁目": 0.30810538433859086,
  "布田1丁目": 0.3258334452698827,
  "布田2丁目": 0.36287466463049545,
  "布田3丁目": 0.2752966628610738,
  "布田4丁目": 0.3122958515290661,
  "布田5丁目": 0.3075223818920085,
  "布田6丁目": 0.29861735709530834,
  "国領町1丁目": 0.36108740357013497,
  "国領町2丁目": 0.2614274520632252,
  "国領町3丁目": 0.575289943119723,
  "国領町4丁目": 0.29459373882460616,
  "国領町5丁目": 0.25034832085452413,
  "国領町6丁目": 0.31723119953060613,
  "国領町7丁目": 0.24985463707086575,
  "国領町8丁目": 0.3745915037374989,
  "染地1丁目": 0.3379854611220068,
  "染地2丁目": 0.24657395421674677,
  "染地3丁目": 0.4961244817404475,
  "多摩川1丁目": 0.5154119216892353,
  "多摩川2丁目": 0.3211547536990033,
  "多摩川3丁目": 0.3810715423279041,
  "多摩川4丁目": 0.28469355349684117,
  "多摩川5丁目": 0.2545485603665032,
  "多摩川6丁目": 0.28631213592874594,
  "多摩川7丁目": 0.4980017223632241,
  "佐須町1丁目": 0.3237788362610046,
  "佐須町2丁目": 0.34117724802003324,
  "佐須町3丁目": 0.36068465911853237,
  "佐須町4丁目": 0.2924363406657247,
  "佐須町5丁目": 0.3701104406324915,
  "柴崎1丁目": 0.30229565063288155,
  "柴崎2丁目": 0.2469095064440811,
  "菊野台1丁目": 0.32024083251939955,
  "菊野台2丁目": 0.2633144141211174,
  "菊野台3丁目": 0.32961908959424097,
  "東つつじケ丘1丁目": 0.3659082188849064,
  "東つつじケ丘2丁目": 0.32986338614416394,
  "東つつじケ丘3丁目": 0.24248943515431065,
  "西つつじケ丘1丁目": 0.23385071861043102,
  "西つつじケ丘2丁目": 0.2671041997971443,
  "西つつじケ丘3丁目": 0.35718398241800714,
  "西つつじケ丘4丁目": 0.3493193475238845,
  "入間町1丁目": 0.24364401813342734,
  "入間町2丁目": 0.3900584277997016,
  "入間町3丁目": 0.3176869633218513,
  "仙川町1丁目": 0.34257511265090884,
  "仙川町2丁目": 0.5828192452313635,
  "仙川町3丁目": 0.3443148753843466,
  "緑ケ丘1丁目": 0.2573618775570136,
  "緑ケ丘2丁目": 0.25928636860980425,
  "野水1丁目": 0.5135934203160659,
  "野水2丁目": 1,
  "西町": 0.8976916995918978,
  "若葉町1丁目": 0.2441966372470107,
  "若葉町2丁目": 0.3857683507078354,
  "若葉町3丁目": 0.30072583286386384,
  "調布ケ丘1丁目": 0.25184925774017136,
  "調布ケ丘2丁目": 0.4311779767405655,
  "調布ケ丘3丁目": 0.25761382003075645,
  "調布ケ丘4丁目": 0.34341805847990814,
  "深大寺元町1丁目": 0.39707287241364925,
  "深大寺元町2丁目": 0.3256772109184376,
  "深大寺元町3丁目": 0.31045099579033386,
  "深大寺元町4丁目": 0.28706855138225035,
  "深大寺元町5丁目": 0.47491686388050247,
  "深大寺北町1丁目": 0.3151149166266375,
  "深大寺北町2丁目": 0.24689107311382685,
  "深大寺北町3丁目": 0.2722354420831755,
  "深大寺北町4丁目": 0.2648881972463145,
  "深大寺北町5丁目": 0.30562332648447255,
  "深大寺北町6丁目": 0.2934722517487923,
  "深大寺北町7丁目": 0.3090332719629999,
  "深大寺東町1丁目": 0.2892996547540344,
  "深大寺東町2丁目": 0.3030004387669643,
  "深大寺東町3丁目": 0.365311627616034,
  "深大寺東町4丁目": 0.2744882182083207,
  "深大寺東町5丁目": 0.25938360258552307,
  "深大寺東町6丁目": 0.4419498663706191,
  "深大寺東町7丁目": 0.30946441762329624,
  "深大寺東町8丁目": 0.42749336287783457,
  "深大寺南町1丁目": 0.3202805241096742,
  "深大寺南町2丁目": 0.4062379890990357,
  "深大寺南町3丁目": 0.5071203791782528,
  "深大寺南町4丁目": 0.39146084198587566,
  "深大寺南町5丁目": 0.26857087319045697,
  "八雲台1丁目": 0.33108416858540346
}
