{
  "市内全域": 0.19617602297815787,
  "飛田給1丁目": 0.2827421254948028,
  "飛田給2丁目": 0.2910580624628527,
  "飛田給3丁目": 0.25633543912244255,
  "上石原1丁目": 0.3061486633963338,
  "上石原2丁目": 0.2704041008585317,
  "上石原3丁目": 0.40793505791872525,
  "富士見町1丁目": 0.29249556522400705,
  "富士見町2丁目": 0.30167733579470946,
  "富士見町3丁目": 0.26513881403748224,
  "富士見町4丁目": 0.37124594830509017,
  "下石原1丁目": 0.30755452624142743,
  "下石原2丁目": 0.287163911413707,
  "下石原3丁目": 0.23159593548829738,
  "小島町1丁目": 0.2927846132395175,
  "小島町2丁目": 0.3884786449708854,
  "小島町3丁目": 0.30404154001908523,
  "布田1丁目": 0.3588419971506507,
  "布田2丁目": 0.4002148505653104,
  "布田3丁目": 0.2870069517590999,
  "布田4丁目": 0.3018370356848746,
  "布田5丁目": 0.2700046158331887,
  "布田6丁目": 0.3318539138996697,
  "国領町1丁目": 0.3486424697845185,
  "国領町2丁目": 0.2611554165195929,
  "国領町3丁目": 0.6215756813335958,
  "国領町4丁目": 0.28732195216776546,
  "国領町5丁目": 0.25233649487628435,
  "国領町6丁目": 0.28728283655590003,
  "国領町7丁目": 0.27642934973948213,
  "国領町8丁目": 0.3964913486679907,
  "染地1丁目": 0.36139044469358006,
  "染地2丁目": 0.25037398973542524,
  "染地3丁目": 0.48877145477896283,
  "多摩川1丁目": 0.4609297514547462,
  "多摩川2丁目": 0.38682194696687233,
  "多摩川3丁目": 0.40165686054043465,
  "多摩川4丁目": 0.323177122307151,
  "多摩川5丁目": 0.30827693412158286,
  "多摩川6丁目": 0.23218884833694325,
  "多摩川7丁目": 0.4845080320281732,
  "佐須町1丁目": 0.30676590237938534,
  "佐須町2丁目": 0.3873205735723824,
  "佐須町3丁目": 0.33369967343999224,
  "佐須町4丁目": 0.3116984296354433,
  "佐須町5丁目": 0.3426741577372523,
  "柴崎1丁目": 0.34786371318442033,
  "柴崎2丁目": 0.2656505427220961,
  "菊野台1丁目": 0.30596452551028475,
  "菊野台2丁目": 0.2748146929485751,
  "菊野台3丁目": 0.3512662337022619,
  "東つつじケ丘1丁目": 0.3885096044185492,
  "東つつじケ丘2丁目": 0.31524290246174064,
  "東つつじケ丘3丁目": 0.24352126474773433,
  "西つつじケ丘1丁目": 0.23854311909232487,
  "西つつじケ丘2丁目": 0.27148909639846847,
  "西つつじケ丘3丁目": 0.333076298733518,
  "西つつじケ丘4丁目": 0.35416301639770686,
  "入間町1丁目": 0.2616196434684108,
  "入間町2丁目": 0.35780735006982745,
  "入間町3丁目": 0.3100333049396826,
  "仙川町1丁目": 0.3883824591229852,
  "仙川町2丁目": 0.5459253541726501,
  "仙川町3丁目": 0.32432429433344423,
  "緑ケ丘1丁目": 0.24906704284593187,
  "緑ケ丘2丁目": 0.2573485633089962,
  "野水1丁目": 0.48004822644324874,
  "野水2丁目": 1,
  "西町": 0.9267414229660217,
  "若葉町1丁目": 0.2604797310752738,
  "若葉町2丁目": 0.4060078778710006,
  "若葉町3丁目": 0.3124065892423294,
  "調布ケ丘1丁目": 0.24974020595062424,
  "調布ケ丘2丁目": 0.3888681314812174,
  "調布ケ丘3丁目": 0.25481819858569393,
  "調布ケ丘4丁目": 0.329243236937055,
  "深大寺元町1丁目": 0.45586905542094164,
  "深大寺元町2丁目": 0.2928621838947258,
  "深大寺元町3丁目": 0.30285479587258424,
  "深大寺元町4丁目": 0.31470228297165537,
  "深大寺元町5丁目": 0.48635243178359383,
  "深大寺北町1丁目": 0.25882361175452107,
  "深大寺北町2丁目": 0.26258114586839426,
  "深大寺北町3丁目": 0.2775706149386787,
  "深大寺北町4丁目": 0.2596219522064624,
  "深大寺北町5丁目": 0.27043837379190977,
  "深大寺北町6丁目": 0.31705497176318004,
  "深大寺北町7丁目": 0.34746550649792907,
  "深大寺東町1丁目": 0.2860216416320242,
  "深大寺東町2丁目": 0.3161115124283855,
  "深大寺東町3丁目": 0.33418312127600575,
  "深大寺東町4丁目": 0.27834078645061144,
  "深大寺東町5丁目": 0.25760622435241837,
  "深大寺東町6丁目": 0.4217064044690544,
  "深大寺東町7丁目": 0.3151359242393449,
  "深大寺東町8丁目": 0.4235117895478178,
  "深大寺南町1丁目": 0.3389885871213818,
  "深大寺南町2丁目": 0.39007414451459527,
  "深大寺南町3丁目": 0.5569411125249766,
  "深大寺南町4丁目": 0.3596975991473915,
  "深大寺南町5丁目": 0.2919861004088242,
  "八雲台1丁目": 0.30631029227020556
}
