{
  "市内全域": 0.20525445935415365,
  "飛田給1丁目": 0.3260446312001735,
  "飛田給2丁目": 0.2939466285787831,
  "飛田給3丁目": 0.2909505123486242,
  "上石原1丁目": 0.31694167482099245,
  "上石原2丁目": 0.26486082895823504,
  "上石原3丁目": 0.4346825644197292,
  "富士見町1丁目": 0.2830138973332838,
  "富士見町2丁目": 0.33507472756487466,
  "富士見町3丁目": 0.2854249576035424,
  "富士見町4丁目": 0.3967659360814664,
  "下石原1丁目": 0.2922839024385304,
  "下石原2丁目": 0.26556208969098316,
  "下石原3丁目": 0.22833889347320271,
  "小島町1丁目": 0.2827575004328221,
  "小島町2丁目": 0.35849205242053866,
  "小島町3丁目": 0.27676755775959166,
  "布田1丁目": 0.3437556196853832,
  "布田2丁目": 0.38780875876545984,
  "布田3丁目": 0.29321868601043527,
  "布田4丁目": 0.2896167391818156,
  "布田5丁目": 0.28695781249717706,
  "布田6丁目": 0.35538173438860077,
  "国領町1丁目": 0.30777699263850533,
  "国領町2丁目": 0.27509235493295625,
  "国領町3丁目": 0.6130386676131425,
  "国領町4丁目": 0.2885354060542831,
  "国領町5丁目": 0.25837956369263465,
  "国領町6丁目": 0.3118656230793792,
  "国領町7丁目": 0.2631920243017463,
  "国領町8丁目": 0.43211188388532173,
  "染地1丁目": 0.327680805064522,
  "染地2丁目": 0.2629421023825813,
  "染地3丁目": 0.5317223945523514,
  "多摩川1丁目": 0.4014166991467,
  "多摩川2丁目": 0.4655558828897757,
  "多摩川3丁目": 0.395523243238331,
  "多摩川4丁目": 0.31334158415964103,
  "多摩川5丁目": 0.3138129420054585,
  "多摩川6丁目": 0.2758969345550118,
  "多摩川7丁目": 0.47944156849224134,
  "佐須町1丁目": 0.28012054690721944,
  "佐須町2丁目": 0.35860374976938325,
  "佐須町3丁目": 0.36667405283376514,
  "佐須町4丁目": 0.32474517464410135,
  "佐須町5丁目": 0.3087499708747203,
  "柴崎1丁目": 0.33298249468199553,
  "柴崎2丁目": 0.2817683010354149,
  "菊野台1丁目": 0.3184914354622431,
  "菊野台2丁目": 0.30827537163313146,
  "菊野台3丁目": 0.34311430046424696,
  "東つつじケ丘1丁目": 0.3873825327197924,
  "東つつじケ丘2丁目": 0.35150854720858365,
  "東つつじケ丘3丁目": 0.24899286050707686,
  "西つつじケ丘1丁目": 0.22942546813847076,
  "西つつじケ丘2丁目": 0.2551895457155322,
  "西つつじケ丘3丁目": 0.3442885298592715,
  "西つつじケ丘4丁目": 0.3614044273375675,
  "入間町1丁目": 0.28244509495424625,
  "入間町2丁目": 0.3164465619894898,
  "入間町3丁目": 0.2902253269224967,
  "仙川町1丁目": 0.3781742196953269,
  "仙川町2丁目": 0.4495232318263716,
  "仙川町3丁目": 0.3194445368826422,
  "緑ケ丘1丁目": 0.25398040710071335,
  "緑ケ丘2丁目": 0.2549053993842417,
  "野水1丁目": 0.4625795874919686,
  "野水2丁目": 1.0000000000000002,
  "西町": 0.911520927830934,
  "若葉町1丁目": 0.29129621195310923,
  "若葉町2丁目": 0.3765155779070845,
  "若葉町3丁目": 0.29369583207153965,
  "調布ケ丘1丁目": 0.3485537676286291,
  "調布ケ丘2丁目": 0.29653111366424556,
  "調布ケ丘3丁目": 0.2461071861145746,
  "調布ケ丘4丁目": 0.32200050688995174,
  "深大寺元町1丁目": 0.4594939824794888,
  "深大寺元町2丁目": 0.30632973958913146,
  "深大寺元町3丁目": 0.30308739519355865,
  "深大寺元町4丁目": 0.31680489457927075,
  "深大寺元町5丁目": 0.5071165786004846,
  "深大寺北町1丁目": 0.32095232324554546,
  "深大寺北町2丁目": 0.25850407913783013,
  "深大寺北町3丁目": 0.33672090623531914,
  "深大寺北町4丁目": 0.2658568341137886,
  "深大寺北町5丁目": 0.2580598333137151,
  "深大寺北町6丁目": 0.2917866727819596,
  "深大寺北町7丁目": 0.4628588087839829,
  "深大寺東町1丁目": 0.28915517968953347,
  "深大寺東町2丁目": 0.3947287063006191,
  "深大寺東町3丁目": 0.2744828522282082,
  "深大寺東町4丁目": 0.3080260323373684,
  "深大寺東町5丁目": 0.23703972990524225,
  "深大寺東町6丁目": 0.44788105420054436,
  "深大寺東町7丁目": 0.2911754831910343,
  "深大寺東町8丁目": 0.5121540447879186,
  "深大寺南町1丁目": 0.4001827908125048,
  "深大寺南町2丁目": 0.39862481932500227,
  "深大寺南町3丁目": 0.5948391120987967,
  "深大寺南町4丁目": 0.3093665771101654,
  "深大寺南町5丁目": 0.32206626260671256,
  "八雲台1丁目": 0.26068478621512325
}
